EDAD;GENERO;INGRESOS_MES;DISTANCIA_RECORRIDA;NINOS_HOGAR;VEHICULO;GUSTO_CONDUCIR;GUSTO_MUSICA;SUBSCRIPTOR_CLARO_MUSICA
61;HOMBRE;1852195,532;1943,270137;4;1;4;2;NO
45;HOMBRE;2299771,897;1950,053538;0;1;6;4;NO
57;HOMBRE;2254485,697;1634,987764;2;1;5;2;NO
51;HOMBRE;1632265,932;1788,242523;3;1;5;3;SI
55;HOMBRE;2192925,692;1702,133154;0;1;5;2;NO
57;MUJER;2223549,278;1984,245656;2;1;5;2;NO
52;HOMBRE;2411315,145;2181,292068;2;1;5;2;NO
42;MUJER;2770114,909;2299,912383;1;1;6;4;NO
58;MUJER;2418514,229;1505,520398;0;1;5;2;NO
49;HOMBRE;2140089,617;2571,574595;1;1;5;3;NO
62;HOMBRE;2085244,416;1841,183087;2;1;4;3;NO
52;HOMBRE;2081340,364;2131,040875;3;1;5;3;NO
47;MUJER;1930634,091;1584,47247;3;1;5;3;NO
57;HOMBRE;2674012,043;2684,555585;0;1;5;2;NO
53;HOMBRE;2413888,962;2173,138639;0;1;5;4;NO
56;MUJER;2384351,678;2177,281203;0;1;5;3;NO
56;HOMBRE;2287522,498;2119,331338;2;1;4;3;NO
58;MUJER;2240846,212;1720,827104;2;1;5;4;NO
52;MUJER;2585712,272;1735,887237;4;1;5;3;NO
46;MUJER;2633590,238;2115,794962;3;1;5;4;NO
62;MUJER;2456515,923;1225,01864;4;1;5;2;NO
51;HOMBRE;3046148,102;2301,061312;2;1;6;3;NO
44;HOMBRE;2796998,814;2254,501982;3;1;6;5;NO
52;HOMBRE;2136002,135;1907,243274;5;1;4;2;NO
47;HOMBRE;2239554,871;2074,844674;0;1;5;5;NO
54;HOMBRE;2243756,051;1876,192505;3;1;4;2;NO
41;MUJER;2518142,596;1839,368421;6;1;6;5;NO
59;MUJER;2056793,917;2020,378586;2;1;4;1;NO
49;MUJER;2197617,272;1465,754244;2;1;4;4;NO
54;MUJER;2344661,143;1952,596202;3;1;5;3;NO
68;HOMBRE;2138257,86;2442,48263;1;1;5;2;NO
57;HOMBRE;2212341,317;1739,864829;0;1;4;3;NO
51;MUJER;2726696,096;1637,967212;1;1;4;5;NO
51;MUJER;2092676,003;2622,714983;3;1;4;2;NO
59;HOMBRE;1948643,775;2143,833995;1;1;5;2;NO
48;HOMBRE;2038774,965;2307,654994;1;1;5;3;NO
58;HOMBRE;1985694,971;2099,700314;1;1;5;2;NO
57;HOMBRE;2178424,679;2073,393167;0;1;5;3;NO
47;MUJER;2021036,248;1930,779126;1;1;5;2;NO
55;HOMBRE;2620757,805;2318,175885;2;1;4;4;NO
59;HOMBRE;2933159,289;1768,561263;3;1;6;2;NO
44;MUJER;1551215,505;2241,947816;1;1;5;2;NO
55;HOMBRE;2626601,055;1723,553684;3;1;3;3;NO
57;MUJER;2293938,503;2069,201182;0;1;5;3;NO
60;HOMBRE;2643834,742;2541,334357;0;1;4;3;NO
48;HOMBRE;1871103,162;2159,681973;5;1;5;3;NO
53;MUJER;2514099,771;1251,166102;2;1;5;3;SI
54;HOMBRE;2472759,308;2421,850489;2;1;4;2;NO
61;HOMBRE;2314680,556;2654,716689;1;1;4;4;NO
55;MUJER;1924317,105;2613,529685;1;1;3;2;NO
51;HOMBRE;2539953,383;1824,209284;3;1;4;4;SI
54;MUJER;2052152,645;2341,12783;1;1;6;3;NO
48;MUJER;2695474,417;1407,544804;1;1;5;3;NO
57;MUJER;2398987,538;1707,60493;1;1;5;2;NO
56;MUJER;2626507,973;1780,867893;3;1;4;2;NO
59;HOMBRE;2347314,51;2173,669015;1;1;4;3;NO
51;HOMBRE;2178488,744;1763,210668;4;1;6;4;NO
48;MUJER;2498676,361;1821,72463;1;1;4;2;NO
49;HOMBRE;2276857,49;1994,76848;0;1;5;2;NO
55;HOMBRE;2177067,864;2277,936542;3;1;5;2;NO
54;MUJER;2043382,97;2032,8423;2;1;5;3;NO
63;MUJER;2491121,749;2170,903679;0;1;5;1;NO
56;HOMBRE;2104657,754;1633,377293;1;1;4;3;NO
50;HOMBRE;2432257,361;2085,524773;2;1;4;2;NO
60;HOMBRE;2716004,356;2258,925511;3;1;4;3;NO
54;MUJER;2500299,057;1754,953964;0;1;4;2;NO
53;MUJER;2490642,879;2101,165609;3;1;5;3;NO
47;MUJER;2056651,14;1802,38772;2;1;4;3;NO
46;HOMBRE;2597987,396;2708,271303;2;1;5;4;NO
57;HOMBRE;2013458,528;2168,884688;2;1;4;3;NO
50;HOMBRE;2493234,228;1443,55762;1;1;6;2;NO
54;HOMBRE;2460587,317;2078,155802;4;1;5;4;SI
63;HOMBRE;2601913,909;2180,752694;1;1;6;3;NO
56;HOMBRE;2605709,114;2215,819418;1;1;6;4;NO
47;MUJER;1849459,547;2110,511628;2;1;4;3;NO
47;MUJER;2254463,602;2053,155646;1;1;5;3;NO
58;HOMBRE;1971847,485;1942,609761;4;1;5;2;NO
53;HOMBRE;2274388,64;2426,063281;2;1;5;3;NO
56;MUJER;2146042,937;1660,229651;1;1;6;3;NO
54;HOMBRE;2199417,369;1937,775487;2;1;5;3;NO
62;HOMBRE;1550626,168;1801,613446;0;1;4;2;NO
52;MUJER;2394636,955;2058,850241;2;1;5;2;NO
57;HOMBRE;2383000,706;1753,978583;2;1;4;3;NO
48;HOMBRE;1528886,619;2389,81667;4;1;4;3;NO
50;HOMBRE;2489814,179;2063,764706;2;1;4;4;NO
50;HOMBRE;3313967,165;2818,887563;1;1;5;4;NO
59;HOMBRE;2795130,354;2137,618642;2;1;5;3;NO
58;MUJER;2096553,86;1735,688869;2;1;5;3;NO
56;MUJER;2668962,742;2649,929877;0;1;5;1;NO
54;HOMBRE;2179046,039;1779,136198;2;1;3;4;NO
59;MUJER;2499147,786;1931,581274;4;1;4;3;NO
62;HOMBRE;2207978,688;2170,644551;5;1;6;3;NO
54;HOMBRE;2382309,647;1687,945998;2;1;5;3;SI
55;HOMBRE;2778453,936;2215,348627;2;1;5;3;NO
59;MUJER;2512994,68;2299,505157;3;1;5;3;NO
55;HOMBRE;2483650,229;1832,907043;2;1;5;2;NO
51;HOMBRE;1961718,78;1434,63647;1;1;6;4;NO
50;MUJER;2577473,187;2459,652233;4;1;5;3;NO
60;MUJER;2679786,469;2387,734412;0;1;5;2;NO
57;HOMBRE;2489282,243;2119,972984;3;1;6;2;NO
59;HOMBRE;2619514,416;2151,951822;0;1;4;2;NO
56;MUJER;1968569,569;2005,927785;2;1;5;3;NO
54;MUJER;1857915,995;2099,344416;1;1;5;3;NO
62;HOMBRE;2211270,155;1907,453302;2;1;4;2;NO
54;HOMBRE;2313932,804;1710,416916;1;1;5;3;SI
59;HOMBRE;2713183,322;2500,625297;0;1;4;2;NO
50;HOMBRE;2064621,092;2175,391354;2;1;5;3;NO
67;MUJER;2396576,22;1263,717753;3;1;5;3;NO
51;HOMBRE;2113330,982;1863,164926;2;1;4;3;NO
52;HOMBRE;2298449,707;2017,529327;0;1;4;3;NO
53;MUJER;2540539,872;2121,244525;3;1;4;3;NO
58;MUJER;2492183,011;2020,360623;2;1;5;3;NO
51;HOMBRE;2047834,025;2310,924516;3;1;5;1;SI
70;HOMBRE;1860370,29;1612,657871;2;1;4;3;NO
49;MUJER;2463047,744;1848,227744;0;1;6;2;NO
57;HOMBRE;2362523,567;1498,162415;3;1;6;2;NO
55;HOMBRE;2517986,13;1852,628271;2;1;5;3;NO
50;HOMBRE;2162519,668;1955,990447;1;1;6;4;NO
60;HOMBRE;2297021,327;2400,706606;1;1;5;4;NO
50;MUJER;1907155,631;2398,087871;1;1;5;4;NO
57;MUJER;2341622,066;2217,999675;4;1;4;3;NO
57;HOMBRE;2990607,676;1852,28596;3;1;5;2;NO
56;HOMBRE;1676933,468;1515,207825;3;1;4;3;NO
47;HOMBRE;1937148,335;1401,900125;1;1;5;2;NO
45;MUJER;2729818,431;1018,64462;2;1;5;3;NO
51;MUJER;2247128,339;2178,96742;4;1;5;2;NO
49;HOMBRE;2301492,771;1868,176084;2;1;5;3;NO
53;MUJER;2861791,583;2103,173804;1;1;5;3;NO
59;MUJER;2727770,055;1894,146777;0;1;5;3;NO
55;MUJER;2495972,371;2037,887841;1;1;5;2;NO
53;HOMBRE;1947428,685;2199,756182;1;1;4;4;NO
48;MUJER;2062280,154;2196,829531;2;1;6;3;NO
57;HOMBRE;2240506,905;1489,640841;1;1;5;5;NO
48;MUJER;2015187,869;2118,923525;3;1;4;2;NO
52;HOMBRE;2388750,67;2016,581961;3;1;4;4;NO
52;MUJER;1891801,571;1322,799633;2;1;5;3;NO
51;MUJER;2109354,05;1785,119086;1;1;5;3;NO
56;MUJER;2407557,01;2285,616983;3;1;5;2;NO
55;MUJER;2290801,352;1825,694294;5;1;3;3;NO
60;HOMBRE;2774000,983;1537,596084;3;1;5;3;SI
52;MUJER;2290387,732;2251,719875;2;1;5;3;SI
50;HOMBRE;2438042,302;2074,998136;2;1;5;2;NO
54;MUJER;2817777,005;2180,950494;1;1;5;2;NO
52;HOMBRE;2115632,286;1409,595987;0;1;5;4;NO
54;HOMBRE;2289659,742;2607,864301;2;1;4;3;NO
54;HOMBRE;2459263,968;1662,869709;1;1;5;3;SI
58;MUJER;2684366,83;1956,100422;2;1;5;3;NO
54;HOMBRE;2214857,068;2553,088006;0;1;6;3;NO
52;HOMBRE;1902340,784;1974,966735;2;1;5;4;NO
57;HOMBRE;2254311,445;1944,629809;0;1;6;3;SI
52;HOMBRE;2245751,42;2296,447435;6;1;5;3;NO
46;HOMBRE;2203871,351;1967,517988;1;1;5;3;NO
49;MUJER;1882158,382;2209,367947;0;1;5;4;NO
65;HOMBRE;2025983,782;2469,797254;3;1;6;4;NO
64;HOMBRE;2174871,246;2243,179303;7;1;6;2;NO
55;HOMBRE;2235716,606;2008,180119;2;1;4;3;NO
39;HOMBRE;2387248,736;1885,466369;2;1;5;3;NO
51;HOMBRE;2377549,315;1290,186911;2;1;5;4;NO
51;HOMBRE;1795077,635;1970,866837;2;1;6;4;NO
53;HOMBRE;2820147,48;2149,637783;3;1;6;3;NO
51;HOMBRE;2227053,606;2444,349686;2;1;4;3;NO
58;HOMBRE;2308973,889;1769,991275;1;1;6;4;NO
60;HOMBRE;2314278,549;2021,643019;1;1;6;3;NO
55;HOMBRE;2450731,154;2181,648675;2;1;5;3;NO
51;MUJER;2598929,364;2382,995295;1;1;5;4;NO
55;MUJER;2452872,216;1876,201265;2;1;6;3;NO
53;MUJER;2217732,351;2166,89959;2;1;5;1;NO
48;HOMBRE;2786345,561;2067,28906;1;1;5;3;NO
58;HOMBRE;2057549,425;2300,709153;3;1;5;2;NO
53;HOMBRE;2498669,152;1920,442491;0;1;4;3;NO
45;HOMBRE;1655430,818;2071,810175;2;1;4;3;NO
42;MUJER;1973849,418;3170,052134;0;1;4;2;NO
44;HOMBRE;1825569,697;2633,902186;0;1;4;3;SI
42;MUJER;1633996,829;3272,30347;0;1;4;2;NO
44;HOMBRE;1782100,54;2339,830887;0;1;4;3;NO
44;HOMBRE;1691766,239;2739,891015;2;1;4;3;NO
45;MUJER;1786860,656;2818,722549;0;1;4;2;NO
39;MUJER;1694816,337;2233,152092;2;1;4;2;NO
42;MUJER;1812066,324;2466,16982;0;1;4;1;NO
43;MUJER;1902917,048;2671,806382;0;1;4;3;NO
42;MUJER;1938623,767;2011,140717;0;1;6;2;NO
43;HOMBRE;1740463,452;2323,63063;2;1;5;1;NO
41;MUJER;1734779,139;1870,730111;1;1;5;1;NO
43;MUJER;1605322,827;2585,708681;0;1;5;1;NO
39;MUJER;1775581,176;2130,844467;0;1;5;1;NO
41;MUJER;1717839,659;2623,413692;0;1;4;2;NO
44;HOMBRE;1632699,668;2940,858491;1;1;4;2;NO
45;MUJER;1652472,651;2115,973455;0;1;5;1;NO
41;HOMBRE;1881877,676;2029,7889;3;1;5;1;NO
38;HOMBRE;1605072,612;2451,491272;0;1;5;4;NO
40;HOMBRE;1786807,802;1950,960487;0;1;4;2;NO
42;MUJER;1689814,421;2471,059346;1;1;4;3;NO
39;MUJER;1994958,277;2512,250237;0;1;4;1;NO
43;MUJER;1731428,352;2420,172505;1;1;5;3;NO
39;MUJER;1879688,728;3297,374137;1;1;3;2;NO
42;HOMBRE;1656421,407;2294,513694;2;1;4;2;NO
42;MUJER;1769518,299;2688,997294;1;1;5;4;NO
42;HOMBRE;1634708,807;2157,563656;2;1;4;2;NO
41;HOMBRE;1667543,782;2129,89304;1;1;3;1;NO
43;MUJER;1870301,151;1935,366544;2;1;5;2;NO
43;MUJER;1782583,845;2597,880177;2;1;4;3;NO
40;MUJER;1745099,971;2234,354392;1;1;5;2;NO
44;MUJER;1646415,01;3092,153323;3;1;4;2;NO
46;HOMBRE;1995728,271;2335,366582;3;1;4;2;SI
39;MUJER;1904728,901;2675,56082;2;1;4;2;NO
45;HOMBRE;1697392,613;2546,150668;0;1;3;2;NO
43;MUJER;1813661,124;2286,005186;0;1;4;2;NO
42;MUJER;1574243,253;2281,968794;0;1;5;2;NO
42;HOMBRE;1395919,406;3087,270446;0;1;6;3;NO
40;MUJER;1816160,343;2319,179825;1;1;5;2;NO
46;MUJER;1892094,872;2838,337576;1;1;4;2;NO
39;HOMBRE;1743765,788;2162,109694;0;1;3;4;NO
39;HOMBRE;1758324,267;2455,242287;0;0;5;1;NO
41;MUJER;1799644,586;2141,324743;3;1;4;4;NO
41;MUJER;1783280,499;2407,024011;1;0;4;1;NO
39;MUJER;1717534,197;2534,623252;1;1;4;2;NO
44;HOMBRE;1924625,47;2375,538443;1;1;3;3;NO
42;MUJER;1606298,274;2317,742157;0;1;4;3;NO
47;MUJER;2010340,971;2020,647395;0;1;5;1;NO
42;MUJER;1897465,174;2822,499406;0;1;4;2;NO
40;HOMBRE;1732927,226;2036,207372;0;0;4;2;NO
45;HOMBRE;1841486,608;2530,023289;1;1;5;2;NO
41;HOMBRE;1815688,48;2216,713442;1;1;4;1;NO
39;MUJER;1629372,422;2281,578709;0;0;4;1;NO
43;MUJER;1631694,749;2264,622565;0;1;3;3;NO
40;MUJER;1765345,509;2469,23343;2;0;4;3;NO
46;HOMBRE;1760852,637;2532,823607;1;0;5;3;NO
44;MUJER;1785808,752;2598,22506;2;1;2;2;SI
43;MUJER;1925317,041;2109,83739;1;1;4;2;NO
41;HOMBRE;1735879,869;2169,247134;2;1;3;2;NO
43;HOMBRE;2008991,936;1744,148035;1;1;5;2;NO
43;MUJER;1698962,434;2276,189412;1;1;5;1;NO
42;HOMBRE;1802200,455;2085,971331;2;1;4;1;NO
42;HOMBRE;1888528,33;2169,704918;2;1;5;3;NO
41;MUJER;1648591,172;2053,558826;1;1;5;2;NO
45;HOMBRE;1835169,981;2014,116462;1;1;4;2;NO
40;MUJER;1831073,736;2206,960045;0;1;5;3;NO
42;MUJER;1784452,06;2866,535532;0;1;5;1;NO
45;MUJER;1691418,646;2103,192192;1;1;4;1;SI
39;HOMBRE;1953072,893;2704,563748;0;1;4;2;SI
45;MUJER;1927556,263;1850,187626;1;1;4;2;NO
42;MUJER;1718293,328;3044,551789;0;1;4;2;NO
41;HOMBRE;1752042,926;2084,248791;1;0;5;2;NO
39;MUJER;1609514,581;2547,270461;0;0;4;2;NO
45;MUJER;1875509,367;2953,59544;1;1;4;1;NO
44;MUJER;1804317,891;2402,583802;1;1;5;1;NO
46;MUJER;1667915,002;2287,195893;2;1;4;3;NO
45;HOMBRE;1698020,008;2616,747383;0;1;4;2;NO
44;MUJER;1814021,504;2113,222977;1;1;6;2;NO
44;MUJER;1665645,322;2815,33662;1;0;4;2;NO
43;MUJER;1717512,932;2195,504466;1;0;5;2;NO
44;HOMBRE;1752424,358;1890,468206;1;0;4;2;NO
42;MUJER;1845178,878;2567,829498;1;1;5;1;NO
40;MUJER;1720772,135;3124,187994;0;0;4;1;NO
41;MUJER;1700004,105;2646,871957;1;1;4;2;NO
42;MUJER;2504855,166;3048,778966;3;1;3;2;NO
41;MUJER;2156284,597;2439,019426;4;1;4;4;NO
37;MUJER;2473618,159;2566,26773;2;1;3;2;NO
38;MUJER;741557,4435;1991,456026;1;1;3;3;NO
41;MUJER;2060344,943;2382,242629;3;1;4;3;NO
38;HOMBRE;1927535,717;2272,463499;2;1;3;3;NO
36;MUJER;1463011,533;2490,338176;1;1;4;4;NO
38;MUJER;1374846,806;2420,294754;3;1;4;2;NO
37;MUJER;1586164,507;2604,901126;3;1;3;2;NO
41;MUJER;2329329,147;3252,004008;1;1;3;3;NO
40;HOMBRE;1630611,619;2313,652094;2;1;3;3;NO
37;HOMBRE;2500978,673;2535,030429;1;1;4;2;NO
36;MUJER;1770532,252;2440,823828;0;1;4;2;NO
40;HOMBRE;1858870,758;3376,500517;1;1;4;3;NO
38;MUJER;1728795,024;2394,37396;3;1;3;3;NO
37;MUJER;858375,4882;2141,945938;1;1;3;3;NO
35;MUJER;2619974,207;2105,726906;2;1;4;3;NO
40;MUJER;1818853,702;2428,466431;4;1;3;3;SI
36;MUJER;1863635,929;2424,114754;0;1;4;4;NO
38;HOMBRE;1886169,222;2350,578374;3;1;3;3;NO
41;MUJER;2018338,636;2838,439116;2;1;3;3;NO
38;MUJER;1534306,592;2922,754884;4;1;3;1;NO
38;MUJER;1303662,832;2662,647717;1;1;2;3;NO
36;MUJER;2550829,359;2283,112594;3;1;3;2;NO
36;MUJER;2640916,519;2876,968771;2;1;4;4;NO
36;HOMBRE;2462245,088;3213,355196;1;1;3;4;NO
35;MUJER;1933140,059;3052,352082;4;1;4;3;NO
38;MUJER;2467535,035;3130,221265;6;1;3;4;NO
38;MUJER;2426463,379;2620,51381;0;1;3;3;NO
38;HOMBRE;2787557,973;2677,542748;2;1;3;3;NO
38;MUJER;1651249,133;2595,477633;4;1;2;3;NO
38;MUJER;3065038,354;2822,650731;2;1;4;2;NO
36;MUJER;2518642,144;1848,553223;4;1;4;3;NO
39;HOMBRE;2685004,632;2257,56301;4;1;4;3;NO
38;MUJER;1963768,755;2473,285002;1;1;3;3;NO
38;MUJER;1392677,418;2822,421189;3;1;3;4;NO
39;MUJER;1541340,014;2145,536155;0;1;3;3;NO
43;MUJER;1356697,345;3107,637262;5;1;3;2;NO
37;MUJER;1623517,854;2985,492542;2;1;3;2;NO
35;HOMBRE;2055538,764;2309,528575;5;1;2;3;SI
40;MUJER;1719875,109;2212,828497;1;1;5;4;NO
38;HOMBRE;1799880,501;2755,977737;3;1;4;3;NO
39;MUJER;1246033,182;2788,115637;4;1;4;2;NO
35;HOMBRE;2174038,293;2277,906299;5;1;4;2;NO
36;MUJER;1819682,339;2919,748473;5;1;3;1;NO
38;MUJER;766492,4818;2573,51622;3;1;3;2;NO
39;MUJER;2277544,268;2376,619434;9;1;2;3;NO
41;MUJER;2369930,322;2963,62195;1;1;4;2;NO
38;MUJER;2413762,562;2490,235904;1;1;2;2;NO
38;MUJER;3173110,963;2759,917757;8;1;3;2;NO
37;MUJER;2036000,555;2903,571304;1;1;4;2;NO
36;MUJER;2193957,988;2832,365265;4;1;4;4;NO
35;MUJER;1011013,718;2221,096027;5;1;5;4;NO
37;MUJER;1469638,895;2009,35644;2;1;4;2;NO
37;MUJER;3000971,707;3142,062049;3;1;3;3;NO
40;MUJER;1605579,635;2730,061204;3;1;4;3;NO
37;MUJER;1474027,757;2687,025264;3;1;3;3;NO
36;HOMBRE;1397743,919;3082,104145;3;1;3;4;NO
34;MUJER;1861124,287;2935,303193;1;1;2;2;NO
37;HOMBRE;1917322,231;2757,064196;5;1;3;2;NO
38;MUJER;2705973,036;2239,098418;2;1;3;2;NO
41;HOMBRE;1406021,681;2581,057506;1;1;4;2;NO
38;MUJER;1791225,838;2722,602265;5;1;4;4;NO
39;MUJER;1976212,929;1803,804445;6;1;3;3;NO
39;MUJER;893744,0573;2536,083492;6;1;2;3;NO
36;MUJER;1348833,364;2446,260829;1;1;3;3;NO
39;MUJER;1128049,611;2381,908378;3;1;3;3;NO
40;HOMBRE;1578960,794;2380,438762;6;1;4;3;NO
38;MUJER;1387839,015;2550,433265;2;1;4;3;NO
37;MUJER;1549610,235;2602,506057;3;1;3;3;NO
36;HOMBRE;2384911,575;2829,030387;2;1;5;2;NO
39;MUJER;1843782,419;2088,744756;1;1;3;2;NO
37;MUJER;1958225,103;2839,306474;3;1;4;2;NO
34;MUJER;2643076,478;2958,910126;4;1;2;3;NO
38;MUJER;1695850,217;2054,880025;4;1;3;3;NO
37;MUJER;2580417,072;2462,923461;6;1;3;4;NO
37;HOMBRE;880990,2024;3002,085318;1;1;3;3;NO
37;MUJER;1746380,984;2384,78652;3;1;4;1;NO
36;HOMBRE;3079313,916;2688,355433;5;1;3;2;NO
38;MUJER;1221957,944;2866,155827;3;1;4;2;NO
41;MUJER;886091,1026;2550,173236;4;1;3;2;NO
37;MUJER;2734633,686;2615,497364;5;1;3;3;SI
43;HOMBRE;1422485,175;2436,120596;1;1;3;2;NO
34;MUJER;1117201,824;2960,726534;1;1;3;3;NO
39;MUJER;1954284,066;3503,25288;3;1;3;4;NO
39;MUJER;1366492,853;2809,58948;4;1;3;3;NO
39;HOMBRE;1689111,093;2505,95483;2;1;2;3;NO
39;MUJER;1937911,593;2464,710082;3;1;3;3;NO
38;MUJER;2307433,366;1982,864884;2;1;4;2;NO
38;MUJER;2204714,657;2584,082546;7;1;3;4;NO
42;MUJER;2012523,335;2869,398121;1;1;2;3;NO
41;HOMBRE;2422740,617;2981,067879;1;1;3;2;NO
39;HOMBRE;1135978,591;2995,843089;4;1;4;3;NO
38;HOMBRE;2474060,147;2617,940855;4;1;4;3;NO
38;MUJER;1455979,565;2879,826406;3;1;4;3;NO
42;HOMBRE;2754157,484;2696,465528;2;1;3;3;NO
41;MUJER;2583087,612;2462,423511;2;1;4;3;NO
37;MUJER;3107802,123;2649,644109;4;1;3;3;NO
38;MUJER;1879193,199;2841,484569;1;1;4;2;NO
39;MUJER;1843414,631;2215,782756;1;1;3;3;NO
35;MUJER;1669348,737;2617,797596;3;1;3;2;NO
38;HOMBRE;2039572,708;3031,792504;1;1;3;3;NO
38;MUJER;1696063,725;3134,510028;4;1;2;2;NO
36;MUJER;2754218,38;2472,642338;5;1;3;3;NO
36;MUJER;1730972,312;2504,835734;1;1;4;3;NO
36;MUJER;2563177,49;3042,788846;2;1;4;2;NO
37;HOMBRE;1751971,364;2600,733161;5;1;2;2;NO
36;MUJER;2254894,138;3017,347453;4;1;3;2;NO
38;MUJER;2017899,818;2704,616997;4;1;3;3;NO
38;MUJER;1376438,593;2326,534127;1;1;3;3;SI
39;MUJER;2945966,982;2091,098229;4;1;3;3;SI
38;MUJER;1416711,194;2826,577411;2;1;3;2;NO
39;MUJER;2081895,091;2515,663271;5;1;5;2;NO
37;MUJER;2576329,15;2089,104021;6;1;4;4;NO
39;MUJER;2618738,142;2418,595414;2;1;3;3;NO
36;MUJER;1022372,333;2468,533637;7;1;5;4;NO
37;MUJER;2383659,869;2294,15662;4;1;3;2;NO
38;HOMBRE;2007780,49;2536,836986;2;1;4;3;NO
39;HOMBRE;859329,967;2079,488836;1;1;3;3;NO
39;HOMBRE;1162669,754;2521,122187;6;1;3;3;NO
36;MUJER;1992713,949;3277,411925;4;1;4;3;NO
35;MUJER;1631620,935;2528,867198;2;1;4;4;NO
39;MUJER;2067026,854;2541,195674;6;1;3;3;NO
37;MUJER;1465175,921;2238,990439;1;1;3;3;SI
39;MUJER;1625989,403;2348,258973;9;1;5;3;SI
37;MUJER;1322667,777;0;3;0;3;4;NO
36;HOMBRE;1514046,165;0;1;0;2;4;NO
33;HOMBRE;1563256,46;0;2;0;4;4;NO
34;MUJER;1981549,277;0;6;0;4;5;NO
35;MUJER;1382326,508;0;1;0;3;5;NO
36;MUJER;1547276,432;0;5;0;2;4;SI
37;HOMBRE;1006209,09;0;4;0;1;5;NO
33;MUJER;970042,8865;0;3;0;3;4;NO
30;MUJER;675282,5199;0;3;0;2;4;NO
41;MUJER;1520232,229;0;2;0;3;4;NO
41;HOMBRE;990868,9999;0;2;0;1;3;NO
36;HOMBRE;1267943,816;0;5;0;2;4;NO
34;MUJER;1253674,353;0;3;0;3;3;NO
39;HOMBRE;1387055,837;0;2;0;2;3;NO
34;MUJER;1372649,243;0;3;0;2;5;NO
30;HOMBRE;1496074,574;0;2;0;2;4;NO
35;MUJER;1497004,047;0;1;0;1;6;NO
29;MUJER;1279322,601;0;2;0;2;4;NO
46;HOMBRE;1228585,661;0;1;0;3;5;NO
38;MUJER;861214,6241;0;1;0;3;5;NO
36;HOMBRE;1484924,149;0;1;0;1;5;NO
34;MUJER;1567811,087;0;1;0;1;4;NO
38;HOMBRE;805656,7028;0;2;0;1;5;NO
32;HOMBRE;1233475,93;0;0;0;2;4;NO
32;HOMBRE;1456474,26;0;2;0;1;4;NO
37;HOMBRE;1358692,162;0;3;0;2;5;NO
34;MUJER;1434461,753;0;1;0;2;6;NO
35;HOMBRE;1649584,961;0;3;0;1;5;NO
31;HOMBRE;1613290,895;0;3;0;2;5;NO
38;MUJER;1153851,366;0;4;0;1;4;NO
39;MUJER;1322061,29;0;1;0;1;5;NO
33;MUJER;1475367,298;0;1;0;2;4;NO
40;HOMBRE;1178014,638;0;2;0;3;5;NO
33;HOMBRE;1108791,312;0;2;0;2;3;NO
38;HOMBRE;1685121,63;0;5;0;2;5;NO
35;HOMBRE;1692656,661;0;1;0;3;3;NO
34;MUJER;1228044,786;0;1;0;2;5;NO
32;HOMBRE;1671292,842;0;0;0;2;5;NO
31;HOMBRE;1628537,652;0;3;0;3;4;NO
41;HOMBRE;1427457,886;0;1;0;3;5;NO
26;MUJER;1473359,465;0;3;0;2;4;NO
36;HOMBRE;1551987,181;0;1;0;2;5;NO
38;MUJER;1622575,592;0;4;0;2;4;NO
36;MUJER;1454638,333;0;2;0;3;3;NO
39;HOMBRE;1622587,941;0;0;0;1;3;NO
33;HOMBRE;1239781,436;0;2;0;2;3;NO
37;HOMBRE;995845,3997;0;1;0;2;4;NO
31;HOMBRE;1095764,203;0;2;0;2;3;NO
39;MUJER;1134080,23;0;2;0;2;5;NO
36;HOMBRE;1737975,842;0;1;0;3;3;NO
36;HOMBRE;1475606,863;0;2;0;2;5;NO
34;HOMBRE;1440383,555;0;4;0;1;4;NO
35;HOMBRE;1489903,543;0;1;0;2;3;NO
36;HOMBRE;1271006,37;0;5;0;2;5;NO
40;MUJER;1168178,254;0;4;0;1;4;NO
36;HOMBRE;1708563,454;0;2;0;2;4;NO
36;MUJER;998407,9826;0;2;0;3;4;NO
29;HOMBRE;2250044,001;0;1;0;3;3;NO
34;HOMBRE;1363342,392;0;2;0;2;4;NO
30;HOMBRE;1550060,602;0;1;0;1;5;NO
34;MUJER;1472457,321;0;2;0;1;4;NO
46;MUJER;1451646,639;0;1;0;2;3;NO
35;MUJER;832319,1378;0;1;0;3;4;NO
39;HOMBRE;1553021,781;0;1;0;3;5;NO
33;MUJER;1356816,911;0;2;0;2;4;NO
36;HOMBRE;1043781,575;0;3;0;3;4;NO
39;MUJER;1091834,111;0;1;0;2;6;NO
43;MUJER;822182,4023;0;0;0;2;6;NO
39;HOMBRE;1650202,57;0;0;0;2;4;NO
31;MUJER;1292101,712;0;0;0;2;4;NO
36;HOMBRE;1576344,062;0;2;0;2;4;NO
28;MUJER;634413,3869;0;2;0;2;4;NO
36;MUJER;1131248,822;0;2;0;2;4;NO
36;MUJER;1597572,818;0;2;0;1;4;NO
39;HOMBRE;1421454,461;0;1;0;3;5;NO
36;MUJER;1847144,743;0;3;0;2;5;NO
41;MUJER;1415585,079;0;3;0;2;4;NO
35;MUJER;1153836,407;0;2;0;3;5;NO
38;MUJER;1974775,495;0;2;0;1;4;NO
37;MUJER;1586408,21;0;2;0;2;5;NO
41;MUJER;1401520,381;0;2;0;3;4;NO
27;MUJER;1355606,963;0;3;0;2;4;NO
37;HOMBRE;1628732,374;0;0;0;2;4;NO
34;HOMBRE;1589864,003;0;2;0;3;5;NO
39;MUJER;1767772,347;0;0;0;2;4;NO
38;HOMBRE;1334636,186;0;3;0;2;3;NO
37;MUJER;1281795,294;0;2;0;3;4;NO
34;HOMBRE;1250532,199;0;1;0;2;4;NO
35;MUJER;1501172,872;0;2;0;3;3;NO
37;MUJER;1414885,292;0;1;0;3;5;NO
35;MUJER;1320171,252;0;2;0;1;5;NO
45;HOMBRE;1072972,175;0;1;0;2;3;NO
41;MUJER;1750902,663;0;1;0;3;5;NO
34;MUJER;1618901,317;0;0;0;3;3;NO
39;HOMBRE;1298951,908;0;5;0;3;4;NO
34;HOMBRE;1197481,42;0;2;0;3;5;NO
45;HOMBRE;918671,2107;0;3;0;2;4;NO
38;MUJER;1366209,694;0;1;0;1;5;NO
34;HOMBRE;1124605,617;0;2;0;1;4;NO
27;HOMBRE;1318484,282;0;1;0;2;4;NO
39;HOMBRE;1727431,475;0;0;0;3;6;NO
35;MUJER;1214149,6;0;1;0;2;5;NO
36;HOMBRE;1439059,544;0;5;0;2;4;NO
35;MUJER;1349549,819;0;0;0;2;4;NO
34;HOMBRE;1314727,323;0;3;0;2;4;NO
31;MUJER;1359803,971;0;1;0;2;4;NO
33;HOMBRE;1216916,607;0;2;0;2;5;NO
32;MUJER;1820217,635;0;0;0;1;6;NO
35;MUJER;1364453,882;0;0;0;2;3;NO
37;MUJER;1101510,881;0;3;0;2;6;NO
37;MUJER;1374812,851;0;3;0;2;5;NO
41;MUJER;1618874,357;0;2;0;1;5;NO
40;HOMBRE;1449743,048;0;3;0;2;4;NO
40;MUJER;1492156,2;0;0;0;3;5;NO
33;HOMBRE;1355894,543;0;1;0;3;5;NO
38;MUJER;1098143,937;0;2;0;2;4;NO
37;MUJER;1140673,4;0;0;0;3;4;NO
38;MUJER;1219214,646;0;2;0;2;4;NO
39;HOMBRE;1417543,242;0;2;0;3;3;NO
31;HOMBRE;1648814,171;0;1;0;3;4;NO
38;HOMBRE;1842100,052;0;2;0;2;3;NO
42;HOMBRE;1642777,671;0;1;0;2;3;NO
34;HOMBRE;1962829,192;0;2;0;3;4;NO
35;HOMBRE;1357411,877;0;1;0;2;5;NO
42;HOMBRE;795764,0184;0;1;0;3;4;NO
43;HOMBRE;1094563,371;0;1;0;1;5;NO
31;MUJER;1674978,67;0;1;0;3;3;NO
25;MUJER;1427082,532;0;3;0;1;4;NO
43;MUJER;1577896,293;0;5;0;2;3;NO
37;MUJER;1286331,417;0;3;0;3;3;NO
31;HOMBRE;1038877,296;0;2;0;3;3;NO
35;MUJER;1498644,018;0;3;0;2;4;NO
34;HOMBRE;1559324,478;0;4;0;2;4;NO
37;HOMBRE;1247953,124;0;1;0;1;3;NO
33;MUJER;1735429,392;0;5;0;2;3;NO
38;HOMBRE;1441551,739;0;3;0;1;4;NO
35;HOMBRE;1459194,699;0;3;0;4;4;NO
37;HOMBRE;1403927,942;0;3;0;3;4;NO
38;MUJER;1421200,314;0;4;0;1;3;NO
36;MUJER;1785607,452;0;3;0;1;3;NO
33;HOMBRE;1519487,612;0;1;0;1;5;NO
30;HOMBRE;1291500,518;0;0;0;2;4;NO
34;HOMBRE;1379439,623;0;5;0;2;4;NO
34;MUJER;1694742,598;0;2;0;2;4;NO
38;MUJER;1620613,543;0;2;0;2;4;NO
35;MUJER;1231125,37;0;0;0;3;6;NO
34;HOMBRE;1390190,875;0;0;0;3;4;NO
39;MUJER;1334726,83;0;2;0;1;4;NO
32;HOMBRE;1245485,853;0;5;0;3;5;NO
35;HOMBRE;1509583,876;0;3;0;3;4;NO
40;HOMBRE;1079346,952;0;2;0;2;4;NO
30;MUJER;1653649,671;0;2;0;2;4;NO
36;HOMBRE;1150129,699;0;1;0;2;5;NO
34;HOMBRE;1193465,167;0;0;0;2;3;NO
28;MUJER;1543171,98;0;2;0;3;4;NO
37;HOMBRE;1057869,411;0;2;0;2;4;NO
34;HOMBRE;1395249,409;0;5;0;2;4;NO
40;HOMBRE;1452933,253;0;0;0;3;5;NO
40;MUJER;2068987,957;0;3;0;2;5;NO
37;HOMBRE;1711102,904;0;3;0;1;5;NO
32;MUJER;1409542,683;0;1;0;2;3;NO
34;MUJER;1491494,11;0;1;0;1;5;NO
34;MUJER;1449024,835;0;3;0;1;6;NO
31;MUJER;1401896,589;0;2;0;3;4;NO
42;MUJER;1576379,988;0;0;0;2;3;NO
29;MUJER;1193247,131;0;0;0;3;4;NO
32;HOMBRE;1032526,04;0;0;0;3;4;NO
36;HOMBRE;1373819,164;0;4;0;1;5;NO
33;HOMBRE;1470438,641;0;2;0;1;5;NO
37;HOMBRE;1326853,255;0;1;0;3;3;NO
37;HOMBRE;1773343,56;0;1;0;1;5;NO
34;HOMBRE;1011228,889;0;2;0;2;6;NO
40;MUJER;1734537,872;0;2;0;3;4;NO
36;HOMBRE;1208316,836;0;1;0;1;4;NO
36;MUJER;674929,2969;0;3;0;2;5;NO
43;HOMBRE;1128905,573;0;3;0;2;5;NO
32;HOMBRE;1847666,282;0;4;0;1;4;NO
35;HOMBRE;1335910,488;0;1;0;3;4;NO
39;HOMBRE;1337351,948;0;3;0;3;4;NO
36;HOMBRE;717469,209;0;3;0;2;3;NO
40;HOMBRE;1257920,611;0;0;0;1;4;NO
34;HOMBRE;1319241,893;0;3;0;3;5;NO
36;MUJER;1202263,554;0;3;0;2;4;NO
39;HOMBRE;1658356,529;0;2;0;3;5;NO
39;HOMBRE;1929776,786;0;2;0;3;6;NO
34;MUJER;1723474,316;0;3;0;2;5;NO
30;MUJER;861290,9322;0;3;0;3;4;NO
30;MUJER;1243870,974;0;4;0;3;6;NO
47;HOMBRE;1721474,423;0;1;0;1;3;NO
36;HOMBRE;972930,2;0;3;0;2;5;NO
38;HOMBRE;1561080,189;0;0;0;2;4;NO
41;HOMBRE;1804021,762;0;2;0;2;5;NO
36;MUJER;1964215,077;0;1;0;2;4;NO
41;HOMBRE;1297768,931;0;2;0;2;4;NO
40;HOMBRE;1401042,444;0;0;0;3;3;NO
32;HOMBRE;1338846,22;0;0;0;3;2;NO
43;HOMBRE;800903,225;0;2;0;3;4;NO
34;MUJER;1802697,643;0;2;0;3;3;NO
39;MUJER;1519653,585;0;1;0;3;3;NO
38;HOMBRE;1278985,007;0;3;0;2;4;NO
33;MUJER;981072,4736;0;4;0;2;5;NO
34;HOMBRE;1489036,817;0;3;0;2;3;NO
30;HOMBRE;996176,3657;0;1;0;2;4;NO
31;MUJER;1481036,165;0;1;0;2;4;NO
29;HOMBRE;1506431,659;0;5;0;2;5;NO
21;HOMBRE;788110,0196;3266,516954;0;0;4;4;NO
24;MUJER;943192,7908;2593,807003;0;1;6;5;NO
29;HOMBRE;738782,3822;2467,810505;0;1;6;5;NO
29;HOMBRE;768564,7451;2832,998916;0;1;6;5;NO
27;HOMBRE;303655,1656;3070,107403;0;1;5;5;NO
27;HOMBRE;712106,0782;3137,32249;0;0;5;4;NO
24;HOMBRE;784532,8652;3343,396704;0;1;6;4;NO
25;HOMBRE;531488,4992;3007,980054;0;1;6;5;NO
27;MUJER;1067722,041;3063,610775;0;1;6;6;NO
25;HOMBRE;702463,4354;3097,961249;0;1;6;4;NO
25;MUJER;800867,1592;2568,615601;0;1;5;5;NO
29;MUJER;471733,1511;3188,873212;0;1;5;4;NO
25;HOMBRE;1076431,109;3467,353933;0;1;6;5;NO
26;HOMBRE;961504,0402;3421,788877;0;0;6;5;NO
26;MUJER;810475,1375;2764,325164;0;1;6;6;NO
23;HOMBRE;977348,1325;2933,640742;0;1;5;4;NO
27;MUJER;742192,2993;3004,099675;0;1;7;4;NO
23;HOMBRE;953355,5849;3456,393933;0;1;6;6;SI
25;HOMBRE;618466,3559;3652,073893;0;1;3;6;NO
30;HOMBRE;578987,4164;2654,325404;0;1;5;4;NO
25;MUJER;635582,1839;3485,518532;0;1;5;5;SI
26;HOMBRE;792630,6555;3099,186509;0;0;4;4;SI
26;HOMBRE;373576,3091;3138,636652;0;1;5;5;NO
28;HOMBRE;1074140,63;3430,114599;0;1;6;4;SI
26;HOMBRE;860622,1964;3188,366592;0;1;5;5;NO
27;MUJER;685790,3543;3047,530444;0;1;6;5;NO
28;HOMBRE;844090,3045;3059,663075;0;0;6;4;NO
27;HOMBRE;1068392,856;2151,202346;0;0;7;6;NO
30;HOMBRE;802750,8159;3016,194189;0;1;6;5;NO
26;HOMBRE;566544,9961;2840,807907;0;1;6;5;NO
24;MUJER;819865,4239;3198,502205;0;1;6;5;NO
23;HOMBRE;691702,7614;3030,535015;0;0;6;5;NO
27;HOMBRE;1179610,067;2371,490165;0;1;5;6;NO
20;HOMBRE;1007228,484;3407,766124;0;1;5;5;NO
29;HOMBRE;816153,2159;3947,787042;0;0;6;5;NO
22;HOMBRE;897963,6822;2985,667362;0;1;6;5;NO
29;HOMBRE;762970,1223;3118,942438;0;1;5;6;NO
24;HOMBRE;979456,905;3020,83828;0;1;6;5;NO
26;HOMBRE;1043743,722;2360,755118;0;1;6;5;SI
26;HOMBRE;572180,7055;3135,106257;0;1;5;4;SI
26;MUJER;811097,5582;3597,798435;0;1;5;4;NO
26;HOMBRE;926288,3918;3173,583704;0;0;6;5;SI
27;MUJER;414940,627;2503,443343;0;1;6;6;NO
27;HOMBRE;598162,5587;2531,071888;0;1;6;6;SI
28;HOMBRE;543256,5362;3084,474611;0;1;5;5;NO
23;MUJER;813693,911;3229,223355;0;1;5;4;NO
29;MUJER;626692,8823;3095,549229;0;1;5;5;NO
27;MUJER;1188247,866;3142,098568;0;0;7;5;NO
27;MUJER;1001070,506;2891,517111;0;1;5;5;SI
27;MUJER;681261,2733;3316,331969;0;1;5;5;NO
23;HOMBRE;667174,8945;3465,177993;0;0;5;5;NO
27;HOMBRE;843744,8568;3465,571853;0;1;5;4;NO
26;MUJER;982452,6708;3378,343645;0;0;7;4;NO
24;HOMBRE;902858,7326;2999,430424;0;1;5;6;NO
27;MUJER;975098,9374;3067,663136;0;1;6;5;NO
26;HOMBRE;919527,1384;2945,630679;0;1;5;5;NO
28;MUJER;681012,4896;2873,710252;0;1;6;5;NO
28;MUJER;834623,9264;2963,582303;0;1;5;4;NO
25;HOMBRE;628478,4431;3303,901958;0;1;6;6;NO
25;MUJER;1163141,89;3138,201929;0;1;6;6;SI
28;HOMBRE;1019563,761;2826,849424;0;1;7;4;NO
27;HOMBRE;851149,5246;3689,846108;0;1;5;6;NO
28;MUJER;683507,6023;3048,606831;0;1;6;4;SI
28;HOMBRE;858524,1914;3344,900316;0;1;5;4;SI
28;HOMBRE;575491,4388;3192,206911;0;1;5;5;NO
29;MUJER;621068,4155;2712,154307;0;1;6;5;NO
29;MUJER;489555,1304;3154,359832;0;0;4;5;NO
26;HOMBRE;675113,5381;3298,189315;0;1;6;5;NO
25;HOMBRE;413483,8597;3138,829344;0;1;5;5;SI
26;HOMBRE;809788,1721;3544,675521;0;1;4;5;NO
23;HOMBRE;871734,1155;2755,446088;0;1;6;5;NO
25;HOMBRE;940988,784;2886,220898;0;1;5;6;NO
21;HOMBRE;428127,6742;3317,337726;0;1;5;5;NO
26;MUJER;537925,906;2756,804282;0;1;6;5;NO
24;MUJER;719631,9811;2715,242351;0;1;5;5;NO
27;MUJER;1053963,39;3025,486231;0;1;6;5;NO
27;HOMBRE;813654,2368;3330,876536;0;1;7;5;NO
25;MUJER;682286,3137;4005,920922;0;1;5;5;NO
23;HOMBRE;520357,8124;2607,220853;0;1;4;5;NO
28;HOMBRE;1059963,416;2904,060002;0;1;6;6;NO
29;HOMBRE;944663,9945;2200,861287;0;1;4;5;NO
22;MUJER;771813,4619;3103,382714;0;1;5;7;NO
28;HOMBRE;1066585,67;2813,833702;0;1;6;5;NO
29;MUJER;376242,6242;2482,649252;0;1;6;5;SI
29;MUJER;891318,7842;2974,79667;0;1;6;4;NO
29;MUJER;940297,5454;2709,72664;0;0;6;4;NO
26;HOMBRE;658005,41;3149,339336;0;0;6;6;NO
26;HOMBRE;836000,3323;3217,460284;0;1;5;4;NO
27;MUJER;956142,3645;3186,534596;0;1;6;5;NO
27;HOMBRE;497029,934;3517,045671;0;1;6;6;NO
28;MUJER;814967,6679;2956,72774;0;1;6;4;SI
23;MUJER;982915,0998;3553,868463;0;1;6;3;SI
27;HOMBRE;747052,0048;3086,534552;0;1;6;6;NO
24;HOMBRE;835979,8782;3412,998443;0;0;6;5;NO
22;HOMBRE;892535,5355;2954,446067;0;0;6;5;NO
28;HOMBRE;571013,0562;3468,106444;0;1;6;4;NO
26;MUJER;643704,5074;2775,574491;0;0;6;5;NO
24;HOMBRE;645366,2866;3120,195793;0;1;5;4;NO
24;HOMBRE;558055,8136;2662,365142;0;1;6;6;NO
28;HOMBRE;944950,9404;3048,663948;0;1;6;6;NO
25;HOMBRE;1090709,367;2667,399831;0;1;7;5;NO
23;HOMBRE;635036,3419;2530,163427;0;1;6;5;SI
24;HOMBRE;637207,9999;2984,055605;0;1;7;5;NO
29;HOMBRE;1159291,199;3315,48453;0;0;6;4;NO
28;HOMBRE;1055321,004;3516,730123;0;1;6;5;NO
26;HOMBRE;636956,4289;3167,204718;0;0;7;5;NO
26;MUJER;980571,8184;3181,853299;0;1;4;5;NO
25;HOMBRE;822369,0006;2711,741373;0;1;7;4;NO
28;MUJER;1151278,579;2997,972026;0;1;6;5;NO
24;HOMBRE;618534,8366;2617,283972;0;1;7;5;SI
27;HOMBRE;373888,7691;3745,667846;0;1;6;4;NO
25;HOMBRE;1086015,17;3101,143035;0;1;7;5;NO
29;HOMBRE;930693,364;2785,97764;0;1;6;6;NO
27;HOMBRE;574392,7251;3496,915477;0;0;5;6;SI
28;HOMBRE;946096,3962;3005,391371;0;1;5;4;NO
27;HOMBRE;800927,7285;2651,115098;0;1;6;4;NO
26;HOMBRE;1200637,858;3147,060315;0;1;6;5;NO
27;HOMBRE;1141038,043;2859,582509;0;0;5;5;NO
22;MUJER;592466,1569;3511,979193;0;1;6;4;NO
24;HOMBRE;908673,8163;3011,287247;0;0;6;6;NO
28;HOMBRE;699977,969;2885,056468;0;1;5;5;NO
25;HOMBRE;587219,8799;2430,917726;0;1;5;4;NO
26;MUJER;831968,3701;2950,045771;0;1;5;4;SI
27;MUJER;773347,4296;2395,249944;0;0;5;5;NO
27;MUJER;591821,8992;2658,649585;0;1;5;6;NO
27;HOMBRE;873832,9412;2915,895612;0;1;5;4;NO
24;MUJER;483497,7215;3032,14962;0;1;5;5;NO
27;HOMBRE;941065,1124;3148,523345;0;1;4;5;NO
29;MUJER;956598,0445;3509,689618;0;1;6;6;NO
23;HOMBRE;930293,9016;3313,232399;0;1;6;5;NO
26;HOMBRE;1012890,706;3128,24816;0;1;6;4;NO
26;MUJER;794222,0531;2771,510114;0;1;5;5;NO
29;HOMBRE;912519,2641;2739,156212;0;1;5;5;SI
25;MUJER;604793,2242;2274,829099;0;1;5;4;NO
25;HOMBRE;905844,7;2829,162911;0;1;5;6;SI
25;HOMBRE;864424,3677;2945,024017;0;0;6;4;NO
31;HOMBRE;908876,2918;3246,369193;0;1;5;4;NO
27;HOMBRE;934536,7745;2788,557683;0;1;7;5;NO
27;MUJER;882343,7492;3278,16451;0;0;5;6;NO
26;MUJER;674163,2592;3438,739104;0;1;6;5;NO
22;MUJER;813314,0785;2735,135212;0;1;6;5;SI
24;HOMBRE;724870,0101;3556,74231;0;1;6;6;NO
31;HOMBRE;919261,2727;3114,951423;0;1;5;6;NO
26;MUJER;648845,2673;3003,944446;0;1;6;5;SI
24;MUJER;956745,5833;3130,430679;0;1;6;5;SI
27;HOMBRE;1247829,268;3408,327032;0;1;6;4;SI
22;MUJER;662136,1812;3463,869353;0;1;6;5;NO
25;HOMBRE;461468,323;3176,886181;0;1;5;5;NO
28;HOMBRE;774954,913;3277,473311;0;1;4;5;SI
27;HOMBRE;714273,7504;2607,101076;0;1;6;4;NO
27;MUJER;1096783,336;2505,620853;0;1;6;5;NO
24;HOMBRE;844398,729;2660,813822;0;1;5;5;NO
26;HOMBRE;922064,1362;3489,185435;0;1;5;6;NO
29;HOMBRE;441427,4272;3007,483205;0;0;6;5;NO
25;MUJER;641549,1973;3474,188712;0;1;6;6;SI
27;HOMBRE;708586,9831;3415,358886;0;0;6;5;NO
29;MUJER;601430,327;2932,957342;0;1;6;4;NO
26;HOMBRE;1361502,293;2828,659725;0;1;5;5;NO
27;HOMBRE;643698,505;2907,158525;0;0;5;5;NO
27;HOMBRE;644699,1451;3152,059002;0;1;6;5;NO
27;HOMBRE;814620,0326;3121,029558;0;1;5;5;NO
23;MUJER;564531,063;2980,403808;0;1;6;5;SI
25;HOMBRE;940907,2187;2336,042777;0;0;6;5;NO
24;HOMBRE;1036186,817;2720,248923;0;1;5;6;NO
24;MUJER;794866,0098;2901,043904;0;1;5;5;NO
25;MUJER;1042701,388;3344,594021;0;1;4;5;NO
22;MUJER;820810,3397;2504,627286;0;1;5;5;SI
26;HOMBRE;730832,9256;2865,77003;0;0;5;6;NO
26;HOMBRE;333648,2127;3277,498164;0;1;6;5;NO
25;MUJER;367388,5581;2776,616671;0;1;5;5;NO
27;HOMBRE;652002,2094;3589,338002;0;1;5;5;NO
23;HOMBRE;686004,2705;3077,51544;0;1;4;3;SI
24;MUJER;981697,4705;3553,075953;0;1;4;5;SI
26;HOMBRE;731792,2101;2730,112124;0;1;5;5;NO
26;MUJER;739017,8771;2963,926746;0;1;6;5;SI
25;MUJER;577516,3145;3305,088753;0;0;6;5;NO
24;MUJER;767424,2099;2823,601896;0;1;5;5;NO
27;HOMBRE;859944,4105;2589,326296;0;1;6;5;SI
25;HOMBRE;977798,7568;3159,84638;0;0;6;6;SI
25;MUJER;610241,3727;2363,637809;0;0;5;5;NO
24;MUJER;1115542,808;3437,589025;0;1;6;4;NO
30;HOMBRE;915184,0999;2987,036638;0;0;6;5;SI
28;HOMBRE;1003605,098;2586,296072;0;1;6;5;SI
24;MUJER;631283,2005;2519,67;0;1;5;4;NO
28;HOMBRE;844639,6617;3043,580851;0;1;5;5;NO
27;HOMBRE;942036,7324;3015,348388;0;1;5;4;NO
28;MUJER;703719,7153;3434,61114;0;1;7;4;NO
26;MUJER;868111,9482;3920,083782;0;1;5;5;NO
28;MUJER;675707,5465;2944,988597;0;1;7;4;NO
27;HOMBRE;490821,3922;3072,345764;0;1;6;5;NO
26;MUJER;712720,6126;2945,103354;0;1;6;6;NO
28;HOMBRE;836993,4262;3185,418118;0;1;5;5;NO
27;MUJER;957126,5154;3025,245916;0;0;4;5;NO
23;MUJER;1005650,673;3417,078451;0;1;6;4;NO
28;HOMBRE;804120,2852;3698,920887;0;0;5;5;NO
25;HOMBRE;977145,1586;2841,91907;0;1;5;4;SI
27;HOMBRE;873472,2764;3011,995922;0;1;5;6;NO
26;HOMBRE;669143,5012;3580,166167;0;1;5;4;NO
25;MUJER;867377,816;2800,952941;0;0;5;6;NO
25;HOMBRE;863046,6487;3075,666965;0;0;5;5;NO
27;HOMBRE;749359,5808;3173,919046;0;1;6;5;NO
26;HOMBRE;880639,8494;3518,941598;0;1;7;5;NO
30;MUJER;933347,7218;3017,693483;0;1;6;6;NO
28;HOMBRE;711484,6167;2919,898904;0;1;7;6;NO
30;HOMBRE;1017967,824;2973,363409;0;1;6;5;SI
25;MUJER;897907,2137;3538,953072;0;1;5;5;NO
25;HOMBRE;930353,9129;2863,756623;0;1;4;4;NO
26;MUJER;573218,3272;2845,568481;0;1;6;4;NO
25;MUJER;1191380,994;3005,730541;0;1;5;5;NO
26;MUJER;662911,0244;2695,022208;0;1;5;5;SI
25;HOMBRE;926354,139;2660,868007;0;1;6;5;NO
26;HOMBRE;784455,5968;3027,70299;0;1;5;6;NO
27;HOMBRE;732394,7874;2629,389798;0;1;5;3;NO
29;HOMBRE;448981,7787;3126,385859;0;1;7;5;NO
28;MUJER;1073972,877;3197,878985;0;1;6;4;NO
24;HOMBRE;629858,0175;3228,48066;0;1;6;5;SI
26;MUJER;569193,8379;2493,189926;0;1;6;5;NO
29;HOMBRE;1065096,716;2821,302958;0;1;7;5;SI
24;MUJER;900308,1469;3201,474455;0;1;5;5;NO
27;MUJER;1161082,365;2956,224166;0;1;5;4;NO
26;MUJER;828415,2511;2716,588368;0;1;6;5;NO
27;HOMBRE;833077,2721;2636,720585;0;1;6;7;NO
25;HOMBRE;729049,5349;3396,946127;0;0;5;6;SI
26;HOMBRE;934758,6122;3032,715674;0;1;5;3;NO
29;HOMBRE;871346,3644;3275,696764;0;1;6;6;NO
27;HOMBRE;836168,4134;3308,707332;0;1;5;5;SI
27;HOMBRE;524379,9044;3573,192981;0;1;5;5;NO
25;HOMBRE;581888,101;2737,401874;0;1;5;5;NO
26;HOMBRE;712856,0507;3498,504544;0;1;6;5;NO
28;MUJER;456702,5741;3100,804222;0;1;4;5;NO
29;HOMBRE;412692,4184;2885,924594;0;1;4;4;NO
29;MUJER;911483,9852;3284,532381;0;0;5;4;NO
26;MUJER;685965,3698;3907,545041;0;1;6;4;NO
25;HOMBRE;850696,6268;3406,762548;0;1;6;5;NO
28;MUJER;902271,5204;3121,191676;0;0;6;6;SI
27;HOMBRE;761603,4386;2735,790876;0;1;6;5;NO
28;HOMBRE;332207,7378;2961,289087;0;1;4;4;NO
25;MUJER;1060688,608;3771,506927;0;1;6;4;NO
23;HOMBRE;747559,2777;3647,943201;0;1;6;5;NO
29;HOMBRE;997032,8301;3130,23699;0;1;6;4;NO
24;HOMBRE;457115,521;3407,320245;0;1;6;5;NO
24;HOMBRE;1041576,175;2829,028191;0;1;5;6;NO
26;MUJER;883999,7118;3211,127353;0;1;5;5;NO
24;HOMBRE;793477,7606;3030,0755;0;0;5;4;NO
29;HOMBRE;791465,884;3160,333742;0;1;5;5;NO
25;HOMBRE;724788,954;3085,282224;0;0;6;6;NO
26;MUJER;517141,4688;2977,824786;0;1;5;3;NO
29;HOMBRE;811713,2837;3208,769996;0;0;6;7;NO
29;MUJER;906649,9016;2816,81836;0;1;5;5;NO
28;MUJER;497322,662;3282,441149;0;1;5;5;NO
28;HOMBRE;615986,8999;2950,076635;0;1;7;5;NO
30;HOMBRE;779913,484;2278,786971;0;0;6;6;NO
23;MUJER;659880,901;3847,431758;0;0;6;4;NO
28;MUJER;746958,6981;2959,038296;0;1;6;4;NO
24;HOMBRE;730604,3201;3786,674321;0;1;7;5;SI
25;HOMBRE;1343739,575;3920,132565;0;1;6;6;NO
24;HOMBRE;740511,72;3377,640798;0;1;4;5;NO
24;HOMBRE;662371,3703;2853,165894;0;1;6;5;NO
25;HOMBRE;759208,808;3419,198422;0;1;6;6;NO
24;MUJER;660697,7006;3016,089837;0;1;5;5;SI
40;HOMBRE;1599657,773;9326,568147;1;1;5;3;NO
47;HOMBRE;1475005,696;7551,850846;0;1;6;4;SI
45;HOMBRE;1669717,286;8673,065787;1;1;5;5;NO
43;HOMBRE;1422982,546;8430,511224;3;1;5;5;NO
45;HOMBRE;1575351,332;8708,319629;2;1;6;5;SI
43;HOMBRE;1720059,114;10374,34303;2;1;5;5;NO
44;HOMBRE;1877551,967;8734,628827;2;1;5;6;SI
46;HOMBRE;1709694,272;7936,545735;2;1;5;5;NO
45;MUJER;1787657,788;8422,542888;1;1;5;4;NO
43;MUJER;1455320,378;9980,284624;0;1;4;5;NO
38;HOMBRE;1556207,941;10061,09648;0;1;7;4;NO
46;HOMBRE;1736614,964;8221,163937;0;1;4;3;NO
40;MUJER;1532107,696;7519,378364;0;1;5;4;SI
49;HOMBRE;1736315,335;9717,96256;1;1;5;4;SI
52;HOMBRE;1666362,982;7773,505069;1;1;6;5;SI
46;HOMBRE;1593589,103;8586,828566;1;1;4;5;NO
40;HOMBRE;1755326,5;9171,936245;1;1;7;4;NO
47;HOMBRE;1573752,814;9516,504234;4;1;7;5;SI
44;HOMBRE;1742872,362;7601,946004;2;1;5;5;NO
49;HOMBRE;1572907,611;7277,897821;1;1;5;3;NO
39;MUJER;1604823,525;8743,787948;3;1;5;4;SI
42;HOMBRE;1644520,1;8755,128778;0;1;5;6;SI
40;HOMBRE;1785491,717;6956,492547;0;1;6;5;NO
44;HOMBRE;1453056,18;9184,114868;1;1;5;3;NO
49;HOMBRE;1706525,012;8055,893255;3;1;6;4;NO
42;HOMBRE;1381096,545;9794,638248;2;1;6;3;NO
44;MUJER;1755932,203;7924,884027;0;1;6;4;NO
43;HOMBRE;1599057,767;8370,300525;0;1;4;3;NO
42;MUJER;1510746,018;6974,491287;0;1;4;4;SI
45;HOMBRE;1412645,218;8963,311033;0;1;5;4;SI
45;HOMBRE;1507500,247;7676,343032;2;1;5;4;NO
39;HOMBRE;1738013,106;8258,315451;3;1;5;5;NO
42;MUJER;1653041,898;8840,130317;1;1;6;5;NO
42;HOMBRE;1699563,985;8481,777349;1;1;5;5;SI
36;HOMBRE;1610517,935;9485,293411;2;1;5;4;NO
47;HOMBRE;1759798,941;7660,34326;1;1;6;4;SI
36;MUJER;1692217,978;9630,150585;1;1;6;4;NO
42;HOMBRE;1683840,638;10230,61496;0;1;6;4;NO
48;HOMBRE;1648311,398;7495,016098;0;1;5;3;NO
38;HOMBRE;1753651,736;9089,614597;3;1;6;4;NO
42;MUJER;1651990,812;8430,192164;1;1;6;4;NO
41;HOMBRE;1504727,35;7733,430975;1;1;6;5;SI
47;HOMBRE;1416485,458;9097,337979;1;1;5;4;NO
34;HOMBRE;1450404,282;7923,351942;3;1;5;3;NO
42;HOMBRE;1738744,758;9565,92974;0;1;6;3;SI
41;HOMBRE;1533688,188;6364,350734;3;1;6;4;NO
46;MUJER;1902030,422;8168,276098;0;1;4;4;SI
48;HOMBRE;1675205,257;9921,659978;0;1;6;4;NO
47;HOMBRE;1714640,225;9134,998838;1;1;6;4;NO
40;HOMBRE;1645901,955;7973,372339;1;1;6;5;NO
